{"numTotalTestSuites":1,"numPassedTestSuites":1,"numFailedTestSuites":0,"numPendingTestSuites":0,"numTotalTests":37,"numPassedTests":35,"numFailedTests":2,"numPendingTests":0,"numTodoTests":0,"startTime":1722005291768,"success":false,"testResults":[{"assertionResults":[{"ancestorTitles":[""],"fullName":" 1.1 .task classındaki padding için doğru tailwindcss classı kullanılmış","status":"passed","title":"1.1 .task classındaki padding için doğru tailwindcss classı kullanılmış","duration":31,"failureMessages":[]},{"ancestorTitles":[""],"fullName":" 1.2 .task classındaki background için doğru tailwindcss classı kullanılmış","status":"passed","title":"1.2 .task classındaki background için doğru tailwindcss classı kullanılmış","duration":5,"failureMessages":[]},{"ancestorTitles":[""],"fullName":" 1.3 .task classındaki border-radius için doğru tailwindcss classı kullanılmış","status":"passed","title":"1.3 .task classındaki border-radius için doğru tailwindcss classı kullanılmış","duration":5,"failureMessages":[]},{"ancestorTitles":[""],"fullName":" 1.4 .task classındaki line-height için doğru tailwindcss classı kullanılmış","status":"passed","title":"1.4 .task classındaki line-height için doğru tailwindcss classı kullanılmış","duration":4,"failureMessages":[]},{"ancestorTitles":[""],"fullName":" 1.5 .task classındaki margin-top için doğru tailwindcss classı kullanılmış","status":"passed","title":"1.5 .task classındaki margin-top için doğru tailwindcss classı kullanılmış","duration":5,"failureMessages":[]},{"ancestorTitles":[""],"fullName":" 1.6 .task classındaki box-shadow için doğru tailwindcss classı arbitrary değer olarak kullanılmış. Açıklamalardaki ipucuna dikkat.","status":"passed","title":"1.6 .task classındaki box-shadow için doğru tailwindcss classı arbitrary değer olarak kullanılmış. Açıklamalardaki ipucuna dikkat.","duration":4,"failureMessages":[]},{"ancestorTitles":[""],"fullName":" 2.1 h3 deki font-size için doğru tailwindcss classı kullanılmış. ","status":"passed","title":"2.1 h3 deki font-size için doğru tailwindcss classı kullanılmış. ","duration":2,"failureMessages":[]},{"ancestorTitles":[""],"fullName":" 2.2 h3 deki color için doğru tailwindcss classı arbitrary değer olarak kullanılmış. ","status":"passed","title":"2.2 h3 deki color için doğru tailwindcss classı arbitrary değer olarak kullanılmış. ","duration":5,"failureMessages":[]},{"ancestorTitles":[""],"fullName":" 3.1 p deki padding için doğru tailwindcss classları kullanılmış. ","status":"passed","title":"3.1 p deki padding için doğru tailwindcss classları kullanılmış. ","duration":3,"failureMessages":[]},{"ancestorTitles":[""],"fullName":" 3.2 p deki font-size için doğru tailwindcss classı kullanılmış. ","status":"passed","title":"3.2 p deki font-size için doğru tailwindcss classı kullanılmış. ","duration":3,"failureMessages":[]},{"ancestorTitles":[""],"fullName":" 3.3 p deki color için doğru tailwindcss classı arbitrary değer olarak kullanılmış.","status":"passed","title":"3.3 p deki color için doğru tailwindcss classı arbitrary değer olarak kullanılmış.","duration":3,"failureMessages":[]},{"ancestorTitles":[""],"fullName":" 4.1 buttondaki display için doğru tailwindcss classı kullanılmış.","status":"passed","title":"4.1 buttondaki display için doğru tailwindcss classı kullanılmış.","duration":2,"failureMessages":[]},{"ancestorTitles":[""],"fullName":" 4.2 buttondaki padding için doğru tailwindcss classları kullanılmış.","status":"passed","title":"4.2 buttondaki padding için doğru tailwindcss classları kullanılmış.","duration":3,"failureMessages":[]},{"ancestorTitles":[""],"fullName":" 4.3 buttondaki margin-left için doğru tailwindcss classı kullanılmış.","status":"passed","title":"4.3 buttondaki margin-left için doğru tailwindcss classı kullanılmış.","duration":2,"failureMessages":[]},{"ancestorTitles":[""],"fullName":" 4.4 buttondaki background-color için doğru tailwindcss classı arbitrary değer olarak kullanılmış.","status":"passed","title":"4.4 buttondaki background-color için doğru tailwindcss classı arbitrary değer olarak kullanılmış.","duration":3,"failureMessages":[]},{"ancestorTitles":[""],"fullName":" 4.5 buttondaki box-shadow için doğru tailwindcss classı arbitrary değer olarak kullanılmış.","status":"passed","title":"4.5 buttondaki box-shadow için doğru tailwindcss classı arbitrary değer olarak kullanılmış.","duration":4,"failureMessages":[]},{"ancestorTitles":[""],"fullName":" 4.6 buttondaki border-radius için doğru tailwindcss classı kullanılmış.","status":"passed","title":"4.6 buttondaki border-radius için doğru tailwindcss classı kullanılmış.","duration":2,"failureMessages":[]},{"ancestorTitles":[""],"fullName":" 4.7 buttondaki border için doğru tailwindcss classı kullanılmış.","status":"passed","title":"4.7 buttondaki border için doğru tailwindcss classı kullanılmış.","duration":3,"failureMessages":[]},{"ancestorTitles":[""],"fullName":" 4.8 buttondaki cursor için doğru tailwindcss classı kullanılmış.","status":"passed","title":"4.8 buttondaki cursor için doğru tailwindcss classı kullanılmış.","duration":2,"failureMessages":[]},{"ancestorTitles":[""],"fullName":" 5.1 pill classında display için doğru tailwindcss classı kullanılmış.","status":"passed","title":"5.1 pill classında display için doğru tailwindcss classı kullanılmış.","duration":6,"failureMessages":[]},{"ancestorTitles":[""],"fullName":" 5.2 pill classında padding için doğru tailwindcss classları kullanılmış.","status":"passed","title":"5.2 pill classında padding için doğru tailwindcss classları kullanılmış.","duration":3,"failureMessages":[]},{"ancestorTitles":[""],"fullName":" 5.3 pill classında font-size için doğru tailwindcss classı kullanılmış.","status":"passed","title":"5.3 pill classında font-size için doğru tailwindcss classı kullanılmış.","duration":2,"failureMessages":[]},{"ancestorTitles":[""],"fullName":" 5.4 pill classında border için doğru tailwindcss classları kullanılmış.","status":"passed","title":"5.4 pill classında border için doğru tailwindcss classları kullanılmış.","duration":2,"failureMessages":[]},{"ancestorTitles":[""],"fullName":" 5.5 pill classında marginler için doğru tailwindcss classları kullanılmış.","status":"passed","title":"5.5 pill classında marginler için doğru tailwindcss classları kullanılmış.","duration":4,"failureMessages":[]},{"ancestorTitles":[""],"fullName":" 5.6 pill classında border-radius için doğru tailwindcss classı arbitrary değer olarak kullanılmış.","status":"passed","title":"5.6 pill classında border-radius için doğru tailwindcss classı arbitrary değer olarak kullanılmış.","duration":3,"failureMessages":[]},{"ancestorTitles":[""],"fullName":" 6.1 deadline classında font-size için doğru tailwindcss classı kullanılmış.","status":"passed","title":"6.1 deadline classında font-size için doğru tailwindcss classı kullanılmış.","duration":2,"failureMessages":[]},{"ancestorTitles":[""],"fullName":" 6.2 deadline classında padding-top için doğru tailwindcss classı kullanılmış.","status":"passed","title":"6.2 deadline classında padding-top için doğru tailwindcss classı kullanılmış.","duration":2,"failureMessages":[]},{"ancestorTitles":[""],"fullName":" 7.1 deadline classındaki spanda padding için doğru tailwindcss classları kullanılmış.","status":"passed","title":"7.1 deadline classındaki spanda padding için doğru tailwindcss classları kullanılmış.","duration":2,"failureMessages":[]},{"ancestorTitles":[""],"fullName":" 7.2 deadline classındaki spanda border-radius için doğru tailwindcss classı kullanılmış.","status":"passed","title":"7.2 deadline classındaki spanda border-radius için doğru tailwindcss classı kullanılmış.","duration":2,"failureMessages":[]},{"ancestorTitles":[""],"fullName":" 7.3 deadline classındaki spanda display için doğru tailwindcss classı kullanılmış.","status":"passed","title":"7.3 deadline classındaki spanda display için doğru tailwindcss classı kullanılmış.","duration":2,"failureMessages":[]},{"ancestorTitles":[""],"fullName":" 8 config dosyasında normal ve urgent renkleri themede tanımlanmış","status":"passed","title":"8 config dosyasında normal ve urgent renkleri themede tanımlanmış","duration":2,"failureMessages":[]},{"ancestorTitles":[""],"fullName":" 9.1 index.css dosyasında tailwind directiveleri eklenmiş","status":"failed","title":"9.1 index.css dosyasında tailwind directiveleri eklenmiş","duration":12,"failureMessages":["expected '@import\\'reset.css\\';*{box-sizing:bor…' to match /@tailwindbase/i"],"location":{"line":201,"column":20}},{"ancestorTitles":[""],"fullName":" 9.2 index.css dosyasında reset.css silinmiş.","status":"failed","title":"9.2 index.css dosyasında reset.css silinmiş.","duration":3,"failureMessages":["expected '@import\\'reset.css\\';*{box-sizing:bor…' not to match /reset.css/i"],"location":{"line":207,"column":24}},{"ancestorTitles":[""],"fullName":" 9.3 Task.jsx dosyasında task.css silinmiş.","status":"passed","title":"9.3 Task.jsx dosyasında task.css silinmiş.","duration":2,"failureMessages":[]},{"ancestorTitles":[""],"fullName":" 10.1 date-fns kütüphanesindeki formatDistanceToNow ve  differenceInDays metodları kullanılmış","status":"passed","title":"10.1 date-fns kütüphanesindeki formatDistanceToNow ve  differenceInDays metodları kullanılmış","duration":2,"failureMessages":[]},{"ancestorTitles":[""],"fullName":" 10.2 date-fns kütüphanesindeki formatDistanceToNow ile 1 gün kaldı gibi metinler doğru yazdırılıyor","status":"passed","title":"10.2 date-fns kütüphanesindeki formatDistanceToNow ile 1 gün kaldı gibi metinler doğru yazdırılıyor","duration":3,"failureMessages":[]},{"ancestorTitles":[""],"fullName":" 10.3 date-fns kütüphanesindeki differenceInDays ile taskin deadlineına kalan gün hesaplanarak doğru class ekleniyor","status":"passed","title":"10.3 date-fns kütüphanesindeki differenceInDays ile taskin deadlineına kalan gün hesaplanarak doğru class ekleniyor","duration":2,"failureMessages":[]}],"startTime":1722005310155,"endTime":1722005310303,"status":"failed","message":"","name":"/home/projects/vitejs-vite-uiaq2p/src/__tests__/index.test.jsx"}]}